1	E-0001	bar-backfill	dbc762626be9bbf628dc8602ab3d8229d589e8fad30550d1cfbfb9fe7c4dfe0c	0000000000000000000000000000000000000000000000000000000000000000
2	E-0002	bar-backfill	1ae7aa8405e78125ea71a0475d42eb31b9ed592923b36df1b614da8ae7e9125a	e328b07281e50c20701fe7da3eb507b693750cf60d47ebebafb14098a57adc39
3	E-0003	bar-backfill	cb96002cd2f9a369910bb0d0fbe591aa47abafa9abc615fd03bf73199d62ddce	25f1cceb4d4eea6e3d1c3063cb40b98e44bc0aedf8ef998525764b127154bfa9
4	E-0004	bar-backfill	005483ec96d16060134107f955b17f033a6ba32ccd7084b245fba26ddaa69b7e	784eb35f9417c10109e750b20063dc68664cee82a470d3b0051f5431d6e68275
5	E-0005	bar-backfill	cc47a5940d72b5ad97d2bde5b4fcaff3fd28343a9d4004cd87404b2d9bd27aeb	6244e175bf50226d40956aa37b5d5fe1ea6554736fa48407b4bc41a762617cc3
6	E-0005	start-backfill	871482056d0cdff030f2add0a48bea139fccad645bb3042b3bd57204f416a392	4c2ae512c7c01054e95915cfcd7886dd8137784a9415b6834248ba3e44f6807f
7	E-0005	verdict-backfill	8e7f2688ec70f3f64ed8c9fb4c6fb4d1fb3dcb8408f715f1218f37dffeeb2831	ae9fa672ba309a4eb1acbd662c2a4e8993a50c3848067d2780bdf76b3241f415
8	E-0006	bar-backfill	45fadca10121763477bfffe92779e297a832fcd5a5d2e25b1bf88459e676c8c8	43ea9d32111c85f139e6051a0c4763c0d595963bc884c963fe4a43654e21ce69
9	E-0007	bar-backfill	798d6642301d2d4e04fd19bca5fb9284e60ea1c1e80f35e8e6a73341c7dca8ff	d9f50d213a8d685840f4159a4f0b57efc2b3231ff222462718384132e7da92c6
10	E-0008	bar-backfill	beeb3203ae418916deb459cf42ab9b837aad54957ca18988cd7fd346ec180df8	8730150d048d0880f8d78dc76b8ae9cf05c178af463831ac6df937b3820d5661
11	E-0009	bar-backfill	8c63061ab96775107e77585b1d8a018a15e3358a74346952ca1230bb8d038df9	e9e083e92c78e0047f5659924cf6c6124833df19fe14d62ac6945625ae6aa3ce
12	E-0001	start-backfill	724e96fd594ead1a8253d8ddaf19205fdcb8c851064691aa34153acba7a8b396	d00eab5f1a0ed83bd2c7284ec1353a2c621ef0e2eabf9adce4cacf32de3fc504
13	E-0002	start-backfill	fd949832ca52faa6d884afe3a10ad5b4450286404fd801b05bb0ec2b1bb7b7d0	35ba83f8841b360ff530ff773275ba716226b23f5356e93bc349e3af957b6b78
14	E-0010	bar-backfill	b9d83a7806074817a048d7d99e98ce622e13e50d340a0d020bee02fca6a371cd	b3df81f384872411760710f08a24c57fc9c03a91791e5ecfccc302580767fb14
15	E-0006	start-backfill	b8ed579ad11e1c0bd968d782b8f3d814d17eced1a7456dade3a2970e77355e60	774b09510b871e0afb6bf4edebaa91c9ac1320e08f1061f77f630ce91f90a45f
16	E-0007	start-backfill	ad041156b1a6212ad1e7e960f705187c98e54b8415ab9823f6e324dd6104be15	6c0f63adefed433f829e531550421ffb9e47332dc7d5a11c3559a4f93ac1f96d
17	E-0008	start-backfill	5516314be7daa52599357986f70f554bd86b58f180566b2312c14887747518cb	f8c81257f4fe5a967dfb49b036cf976a40d18f07a16afa54956c301c4cd22f95
18	E-0009	start-backfill	a20cad7fa9f9b8f3298339deceaeb9d5377ff77d6b5bac3bd48b61f43ba341d9	d38efcc6e2ac5c3653358987176b0ef5dce691b2e2e538d75ff8bfe806c78d49
19	E-0010	bar-amended-backfill	6a09e178021f5523fe1ff23142d008b97ab44fd0bb70490bf73293148585a989	708200afc262252d744d0eb2347a149b959b15f3c46133de48d39adca4240339
20	E-0011	bar-backfill	b45980a420f0526e7a5c3bf317b5619899b8c775069bf0bffd966a4be3d48d88	f051c535666dd08a74c0d68a0053eb6dc367ef22cab1864c2a13a6663fc61efa
21	E-0012	bar-backfill	a15b2d213c90a6fa55f761ca1d95c322801e4ab1f13c41ddc600a5f803e8a967	f7aa883544142f99bf03665a2065a3133771a801bd5788fe5506ff307e6db8e0
22	E-0013	bar-backfill	dc831933b523c16a2b82f0a8236bdc60bf05332784e01e54f734fd851c60b51b	ddcaf6e69b24241cefeb7d0f89d67d1f750ce0e2cfe60445448b0cdb7142d3a5
23	E-0014	bar-backfill	b02e7237446d072d88b5d8371ec94449a3c8b0eb87899b1aee9d726518cac63b	b553bc8eee9ef24a15fa60d4f21a9d5648cc5e5cc3b5c642f5cfac266b436dd2
24	E-0015	bar-backfill	5580c22f248ee82931e7148dcade18148efbdc1e1ad5ee2bd64c83955a55a008	639657ed8b39e6ee8b500d77f06e4d6dc842a3b44abaa7c4840707a2ce56879f
25	E-0010	start-backfill	b78f7728754e0d8c5506cc8bbb895d33fd02b87f7ae53971f62e88b9645d1ea2	d1bdb25a3e7706cd46b4833008e4c1e6f922bfb50c5480f3d6028a7e77078685
26	E-0001	verdict-backfill	8b8ad1aac80b27950147db8f84855e26ec593171ef6d905c8e9a0bdea4f883a2	79fc6ef14ebe7de49fe1c4abe6cb7936e681987d03380995b30f9b14fad8d7f7
27	E-0002	verdict-backfill	3c18346705a5cb7d3d9b2a287643c014130f781219f4a4bf2b2a8b1458e059c4	8c46eaaa045cd629a26d3ac0d8ce276ae8fe3b90b2b5b0186e1f04eb22eb262e
28	E-0003	start-backfill	80f3ab560f8ec94d16eb2434b1707a1f3adf8ebcbf525caae10a5d9fde834b11	a902cb5a917df1d2d9708c73aaf8436bec2c7daeff07b0f4881afb9ce3b56c9b
29	E-0011	start-backfill	13445f645d1d2ebf11a81977a6e5327a25510755bba2ba4c65b3e0eac6167922	8ef3c7c0d840440b6217f197fd5f4a45686b2440a636af9120d4b174dc650213
30	E-0016	bar-backfill	9fbbfefcd302faed478593ad844d7ae9980634635b997a56a51f7fe68c206f27	6871d641af7f9bfb000d8767170083364bcbb01e49068e41b94b24bde3a807fb
31	E-0017	bar-backfill	304ac9674db8826101aec26c62ec5bcb4c5bc6cd44d7c477fd0c05056a4b8f08	2d064d38becc026987d76c1f79cd548165b28ed9822c1078f1c3308e0afb17ed
32	E-0018	bar-backfill	89974cf3f77283116f0996845e161144a3be127fd2f55b31ff1df5d74c2e2508	6ccbc87e33b270adf072e59ce9895727d1e8caed115d40f40aaf333e750e4f2b
33	E-0019	bar-backfill	c20a02242cadab4b054395e5f2c2deb20340a01a50538048b6bd1aa77fe3ac45	db2b30b46b0c8b85c10e13f4c37878d187403d7064ec6629ad9b2728ebce3ceb
34	E-0019	start-backfill	12ec2068b4678b53bf2e53fa904747ff31b41878eedf0ee0a12682a7baa5424c	563b3adeeb3f0524adadffa66f1ccffc18003ce7fce74466102f35c2670929cc
35	E-0020	bar-backfill	36df09b53666178183c038c624c887c76ad2f58b15651e14a2fa768357ae8dda	0dffa6bee7bd051b790cdbb3f1d1ab78152a190c9fe4d347c57e7c187a2dd748
36	E-0016	start-backfill	faeedf036763c32a450aa11a47872ff2352ae00242738b01a6cd078d3cf6f575	c84c2b403f760cad81f01b4d1b13474fdd81f8cf512c2381cdd5efb5187bf0c2
37	E-0016	verdict-backfill	942f8ca6301f7953f41b9063084ae1e47836f94f34c10bc94b665c1cede8b82f	251d8fb0eb5af886aadea2a961afb50b44b9eb107504e09efd177970ee369179
38	E-0021	bar-backfill	8b25f0cb763dea1a6835b2fd71124d3933531f1c861a226b96871dd9ddf0787a	2d234057dadfa7109546886863ac084287c63b47cd83aad428f903613ce5f688
39	E-0021	start-backfill	ad79a766228885987574b2ae239643bce0eb2098361ea2d784d9e4808aa1b1b2	bc950a23f4bbe53e8f5f4239f4df13119e5fae0ab900a28fe096e1cf33d3df7a
40	E-0015	bar-amended-backfill	3b92c9c6cad1ad47b5c7307952326b65cc1d2f670e17bc11247eb3cff21facf5	8e00adf0c6440a0953a605c6369298e56f2d11c83bbe0a87c0c73b90ff8a8820
41	E-0022	bar-backfill	ad31a369ec972a5c11b54c0c830756b37f24f0b98e99dcae2252e943aed25215	e229df6cf235672f67a12d923f69f17491cb321b0ffbaf25bbc651ea0907963a
42	E-0020	start-backfill	6a83df3cef603244b77f081b2e35242e0ce5fb887ad7f80fbbca841c9a968fa8	fc95d1afff49903e5a0ffc76df6e4974badd840e8cd215392db11cd573cf2364
43	E-0017	start-backfill	2732139fa36b976e2e378dc933050a5f2c9a41efd1a54c58afaa3d8c9ec4dee8	d2f1883feb246b94dbef7aa10bf81acc7ae0acd62ddb5552f06ac1c56875fef0
44	E-0018	start-backfill	c02381744c2c0d1b09d99fc0557a83038311eddd32a41a2155422fb56f052fe8	6a68d4a50aed18dec4e81ad3e32016c7d724d9cfe31218be6335fbfd0277c05d
45	E-0022	start-backfill	3ec213bf3d4a6ab5bb147bdeabd2df869525d3b7d86435905dfd862b208f3dc1	4c53dad98054b68cc76f525c65497cf4c374411824e01d15fd4f02b116e3b9cb
46	E-0019	verdict-backfill	46f4cf45757db8d5ba8be289390c73dfd600ae1a29fba7f89cb2665c3b08fe8f	b2f31b1601f2e7d53a9d496e87a3806d847d86096c20b63e72e2ee8b822bee9a
47	E-0012	start-backfill	16476455d5e48b07c468f7499cbf44a72002b3d8f66114bc4148223a7a2a39db	1ff5135e19c7e9a80573f8de0f9abba14650d71c0b76bfa91fdfe951c0240122
48	E-0015	start-backfill	0a0bc4377891801b6e26a9b717edcd9f391c5d78c75f61da1cdb193303bf53d3	8bfdce88d11f3284e13a76ebb5362f08774be9f5a9f8de4123be2332b59d9d2e
49	E-0010	verdict-backfill	65297916222e8de6173af2bc246575d631c0ec41f3f7286d9589aac39e330af7	a1ecfe66923414aadd933184b2eeba0d81e388715a20f6e9b46557d4450750b6
50	E-0011	verdict-backfill	bb65c88e8ec0acf7200d4c2f1dbc3f13837f5f4e7962039776849cb03aa3e6e3	09727e3982f792219dc1d86da3438feabdbcf171901f05992adf4f5c1fbb2ab0
51	E-0023	bar-backfill	a02cab26664695a483eff8a90055720429dc36040d46f49308f290b61174e518	59609c112d58eebc7ba621d560206550d7d4b2cc91e7b2138978e3ee84b371da
52	E-0024	bar-backfill	7d6ee24410fc35c63d2648de535366b2e3251cf43b0f779e4a506d031d06fdf2	eadabdcc851224cf85b36467e01adc1cadc0d087ca183c1da73ce051f74eb9f5
53	E-0025	bar-backfill	7fbaea1697ac417de23a5ace9a0346b2e64d11f27217793a1805686f362696e2	5fba607b3ebe7bcee3cbcae6c841e491a64343dbd6bee7db50e7effcb03e12d7
54	E-0025	start-backfill	5aa02b291c75bff5f761805dc73cbe2df1d26e4d44540f8c7c75b3f7a64ea081	b4f547e6f9ed35623d7cdfcb75b2928fbbba6e09e02d55b8137c9e1687c92d68
55	E-0024	start-backfill	346eafbbe804e8bb25d9d8f7c12250c7b94def27a85a561380643196b670034e	c0c3ea912e52a02e4935de0d65df819d087e0ab55c172b0fe8dd0738cefc9f57
56	E-0026	bar-backfill	8f26001dc94ba7ae8b80bfd8d215ff3cac39945302f3c976bd7438eea1f24d50	844540a6eb9d8f46eba3549288d3606c79e125bfce3ef1ff7ac50a2822711feb
57	E-0026	start-backfill	fbe134ae096b395127303f6fbeabce1e1488eb3dc1ffc44413dafface85b4c28	7c04b0f67873bf91108d11c04e1cc5545578f79ca4486bbcbec0c71c26df22de
58	E-0027	bar-backfill	86ce9c47c03fee7fff832cc932456dde1abdcbbfca0cfe57939c3ed02b2919fa	ba88497ce69512184c9b07e2a663b73ca41f156f46fa2e3aadba7dab6451ce1a
59	E-0027	bar-amended-backfill	8c1371bc3916d3bfbf5946beed917364cf1ef7ac42c78528ccfa77540842d7d0	dc7c326c499b7ef24afe12db50352cc87e318447b7acd14e1562d72a16d23fa7
60	E-0026	verdict-backfill	9b44e07e555d9e43ee73dc89a6a30d69aaf7ec9adb12361806874e48bb347248	bd0dc361237146017adcbf377fb789bf799307ba0659aeb2bfc0cdf8d448c252
61	E-0027	start-backfill	7e22016d589a1537d4e2238e0d00de130ea71861528b968bf8d48b3a32de3c73	91b1e55ac27f8c3e6c4fbd04ae9d493780da65ec187398accbb62684760eaa1f
62	E-0015	verdict-backfill	41d6a7d399b04dcc46f000c0211841c0df7ef9df45a96cd7f4aab6e7bfd9605b	d380f4eb23d8ac872b33597baf4cc63018146f1134f85bebdb25768ec25ef2af
63	E-0027	verdict-backfill	61cb2b3d7d0e3093f424b41686bcd0fbda5bffbdbfb64101a0027f2202444832	b34c0bf56cfad6db90ec2f7a5673331e29989fcf35321b375b12dd6f4f35e595
64	E-0023	bar-amended-backfill	ea42994c8795fc9a1f2dd8cfec136a590275864f7ea394047ded2b8daa2f9a5f	cf8d8460eff015c7fe84f6926cc31b717dd62dfd146bbc57194a479e2f7091ac
65	E-0023	start-backfill	499ae100de893c74e87c45433d5494466e1b24f4ae84a9ad26974782670ee05a	3f04d406f101502dd049bc6737c81e0bd106ca9547afb02c6f0cec567ee017ab
66	E-0028	bar-backfill	860bdfcee58a92d704034066fd9b41bf36afc3341cbd8cc7f76d0142103e23b0	6b3d3898d516ea0a343a7eb1c4fba2bb2e06b57e88550c7feea75fee8e8b25a6
67	E-0021	verdict-backfill	100edf4e73e11ba5612d72402edd10014adbf96dd85959821ca0ccf07757f590	a7f1e57458ff4ebff964a0f3adc0cb054411ee8c121385ad4ff607485c7c39d7
68	E-0024	verdict-backfill	49562acd88e5ae9ba4a1810244e3442f9b2cc6454561af87fc4a84614c8ad8bc	198874eec32fa489591b5449845608d7dd9aa2ffc3f3f51559eb4e0f845d0173
69	E-0028	start-backfill	111256ac18a21050c852fdf50ca6b01ce5a898ebc13387291f676a857a472fdc	3d2aab54272084b4abe9248a8c5e63a0899d08278c2dcba8946945cc6d4308e1
70	E-0029	bar-backfill	7715fce72ae21a5f6a6697da4db6f4ba87c70018e81f6b84c2e174a016db84e1	19edf00805507970549d8ae01034abec9136d8ee1b642316ab75535bbc2edd07
71	E-0029	start-backfill	0a66fb58cd1507e1a237d2a73d542bb5d6c219eb26c41b3a1f49f88d2e037e2c	eb571e70ff0413d96d24a944e2fdda555dbf0791052e9211113962064f5d55d2
72	E-0030	bar-backfill	0d4b9b31ad3bdadc4b46a53dc938622cf397ff8cb9f5aa83db41f8384f315fdd	98b66439fecc93b48b624ec690d4c02ee4488a70c995af44a329cf7bea2c7c0f
73	E-0030	start-backfill	5e8bfc8e8c9bdd2bf2bae41a11d1111364c7e188d8abd40b17f570b336908582	8732f0c19060400b92948abf7e7dcf059dc5aaeff6bc4f2c9dcd7cb274c9f349
74	E-0023	verdict-backfill	651801d5a6d3ba8cf139b3e5e5e99b304eaa265c39fa01e10bc624b750ec24cb	a388749e20d696abafd8f5478f905f93835635707b8f59e2595915dbdd8a7e0c
75	E-0031	bar-backfill	82e98c4b8590f4a94ed88fc40a3f571489557c37f4438104d3eccea3d9408c0f	64c143224dd0afc135972081552fa6f4b18b36791d5d514b40fbd546b945bebb
76	E-0020	verdict-backfill	26ca28f9f092df21b3d322a22761e18c3540908f761a4005a12b934018283a08	99d8042afe4f6ec49b07ac1d1a7a447f5f3ec584f7ccd9c35df0aa95948d2b87
77	E-0012	verdict-backfill	a030fa6522ed95d2e9bf73a639273be2819fdc70d6cfb81c6e5dd54b3dde86b1	4b981fe681963befc4cb5560a79b9d8e5a9d7894f545ce3b76bd2c7bfeb88a84
78	E-0025	verdict-backfill	771bec322f40073732650982c45120a860d7166b24779daec845a0d425757927	feee69609e8ca483c9167f3ed060ff1a91cb997450ce799c14903cae0ffeae6a
79	E-0028	verdict-backfill	36e0a5be167d5652dae2364ca280a79c3f7a5d81fe2bf49b4bb798eb4e15d53e	119a2e40860d04bb0d7d42cb5b0a676aaad59d2af189728a33bd394633ceee06
80	E-0031	start-backfill	85ac21f0bd366ba0a8d02e3348d952827791f61b00c20a2a2799ed4d4efb0494	40a7b9ea06855d37d50613ce05e0819ff462e19ea0d5591d347b9b7fccc902ac
81	E-0032	bar-backfill	fd4c2d05671ee9704a07e19cc79ada3fd4ade86e695ea6902e9b4036b6191445	64248f99d1eca08d6117c896e57c5d4a0ace010e0e33f1daba8eccdd5ad40ed6
82	E-0032	start-backfill	d472419aa0c2c96fbe9e3f9388d978ad21ff9430ef98761c8edbe66f89b6d507	f664a8715add770515fb43785204a98c9669943fa27fa5e48ad286df57876849
83	E-0032	verdict-backfill	c1a78d9b033eee452efa409e0beeeb94d3f98c1f15342e3e90d6f2ed2e6c9b14	5cc4986650029f7d88118f7912eb610bdd77fd0e92b2ab2d94f86e77b6c65094
84	E-0033	bar-backfill	e2ecbfa78308168da1b915c120864648f11af35526bdab08533b2d8ab13be732	9d1b82582cd74bc7dd3949a8ff3950d3dd3e9fb01809c77dae5150d41305d4a5
85	E-0033	start-backfill	c83c729bdade38f3f6637c9b9eed163ffb422e0fa80abd8db1b84ce3c0637bf7	27f21ef275ce5e0812e91eaa42875409f7ffd0d05507b3fe5187b55daa88be46
86	E-0034	bar-backfill	574cb391cc753aecafffb2e157306a481081d786565a38f4b7b726326fe48862	e43f2dcadecc4a13fc0fa1ba487264b6a0e83dbd24f9cccda47a14d5766f981f
87	E-0034	start-backfill	fd988dd8e8785e7a350fdc4c615f9f1b2f89ae5f30efc1556e2cdb8be43b88ee	ec7e051264b3d4ef96380ac27b1de370de1cb5ba1be9eefcfad878cfb66674dd
88	E-0006	verdict-backfill	6fcc6e611923aa27302584e6b8de9228209a1a0aea88aa433b25e5827d851277	aff2731e6f7b221d54be495e6ddb384f1bd645d8120576596c5fe9b8c01ed3bb
89	E-0007	verdict-backfill	01dfea1bcaba7ca150ebcc5d3fb63ba6fba459dc40e0d07067f0696756b83867	3f29836d78f487507b8a7a65d13b5c080439ae74dbebc662fc4363cc8015808c
90	E-0008	verdict-backfill	aaf9f2907189fac9cf75798d94718664182745f0456027f4ffbffd9efe74883b	2a2d3310b8e7cab6d1147b2f75d5ac6157626ec0cbec306ff3e82d09d87f033d
91	E-0009	verdict-backfill	19c146d40e2b1cc4874b21b8848da47828098ad1a12509a43fb9c435ecdbd124	7be2e38150d0827d24599043798940b9b35e8242b35b160fe38e8fc41b57b29b
92	E-0034	verdict-backfill	6db4cc9549ff4687f72208dfa407ffdfae36ec3d31fb8d5a73aa98ae48aef0ed	5b9d5ca847fd90502d4b282dd70eef8477bae2d425a3615c9c7290cf7dfdf368
93	E-0035	bar-backfill	1aee4f4cb4b3a4ed16388671fc88138063d760ab01e2aa09d254659816fb4622	c7de30afee663d866aecc0fd40853fb43b1d03ae6c23d3cd81581388ac870001
94	E-0035	start-backfill	4a5f43e2477fdae8af000c3904e670a834c6bba914d413fba45e80b142432283	c11ca300206632870b8c3b1089f0e4b80fd767d7331618ebc4bd3f6107eb1d00
95	E-0029	verdict-backfill	0babd42bb1d815f2b85aa834be7792dd3fa5c5d127a9661e2e6e5fb9d2c67552	9473e5048c7d547dad5c4f731e93b9659b53ee44009867e59a7a2ecdd20306cc
96	E-0036	bar-backfill	b116e08f8b45d124b15f3800031175b5d7d79b58e9d9b5c0c18168ed0fccec50	6c87c8898a9a816c807cc7d29c8bdc1f3e4b2455db1933cb3d8453cda1f7c3d6
97	E-0036	start-backfill	b9e4707fa41647fcb2faf91eaf2c682e07c3775dd4983cd0527dc88a64dce173	b416ab010da5f55049f296254b493854b4a9f8e0b07dd7fe04d0a1071e049fd3
98	E-0037	bar-backfill	a5f2f4986341cc7e429ca48810ff0a87677e09bc98460bfa072221b30abf513a	5b8e41f30812ab4ad5e4b2ecd5d9349893cd7e50c21774f487c9f67971333a31
99	E-0037	start-backfill	38ddcd38d098bbd84bb3c38340110cbdfab8fa122f864ebb3d226d1d3cdc1c04	d67afe758013127784637e65d220fb51555e882d4aa379d553cefb2d5aac6300
100	E-0038	bar-backfill	699d3bb1b5306ffd2631e157ba8742f73a2936d2fc729907eafc34da87b13567	a136e5fb498f966a3f0e4b67ff04c7415dc9915382d23e1a85adef4b28006b50
101	E-0039	bar-backfill	37b06752737b2fdfa73646265a06ed1e3746b0fda8866a2e71920d2adf4a57e7	547e0f6a2d5b6a5338c493c9c3bc91735880f567e54ccba0ae5557c99292ead1
102	E-0030	verdict-backfill	e74258d357c29b774605f0b5e9c769023462a44c78f1b7840663b4541902bbef	9a43da1ef3cb1f0bfc3e3f3da9fe316173857405ccfce3289603f6d751b57d9d
103	E-0031	verdict-backfill	88f62ae2b9a2480b6e9e50e4a620bae6be771e84e323b1c3b8b5939e56124f23	ea9c4f736c3e34072944bd19b3fbb0b04fb214e720eafb96f1eef363e490a2f8
104	E-0035	verdict-backfill	570a7745a90dcec9edf82242c2fdc030b42c6b194304b599f435af2c3d428f59	35f088687bd0e07d1c47a57ac715aca886f74271d292de67fba9617dbe67d7ce
105	E-0017	verdict-backfill	fae4790219dfa61cb124c94ee7625f1c10f624d1778e572a4ce4b8e3110b1785	6ac57bc018c31d4e10f24658dc518f379b914bd134bcfb2971a0dd08bd745fe8
106	E-0018	verdict-backfill	f345737fac7bdcd88dcdee6bd4b4c1bcb182042b5242a9d64fd92049fbf712ef	098a23dc4ba31388d3e84822b54a6033f280c91cd3d0253c4020c96f92c1d0bd
107	E-0022	verdict-backfill	d9b8439d0683540216f074a8f417ab772947f2dbe2bee974bde3c058899cee93	ec46692d5a4422f8d56334c6f5a362a2ee9fa4b8b609215c18d4eb6146fee6a1
108	E-0036	verdict-backfill	604855c03ef6b880061ab11ab92797dbf691717ecfa1df467084bd715fd62131	0606fb2dc646aa1e3df56abddf2ab06feac2c31d22407f45db148fcd6126f0bb
109	E-0039	start-backfill	eaf5643ab69b10c64322f7bbc20ccac41312e1655d4ddab30d9504bb7b6dc1c2	4f585464084f78641937d7cba641bfb2db0ca49f94c6bd18c5f8bde30f894b75
110	E-0039	verdict-backfill	e95445ed6adb88eed7e77bd8a2eaba14c5c2802ac7d84df8217c0fb1a626ca70	e98b2f8fe834e1db151a14e013b802df9a97240410473502946d74790381764d
111	E-0038	start-backfill	02821a1e63b10e2445e660780674c599a9613c88a14459aed41ad2c7fdb4e785	f83639dfbb250a46778029bdebf97c3eec69489f293bb6dac596f5a26d48fe86
112	E-0040	bar-backfill	876506b8493a0c710e7bdde20747a0ba489c0a7695f2b57ce45008906b0830f6	b192dd7711deceedec71b3b672d5e9c798a7684edba43ff78a4ff7df7e55ed4f
113	E-0040	start-backfill	5a90d3765d042ebf00f38f34b7db2f2c800e6adc273af520475a29b1fc65f607	bfff40806392109037802553668e4bf77a510986f5a3f64948d022ae555ee646
114	E-0037	verdict-backfill	66d412293b142e77369a1ffcf556eff7ced3d048e96ba10a884906f35b5974bd	a4d0e6f1c216f45ae1c31ad25c4f04fdda09cea63b31a06f6b751af2aa0100c6
115	E-0041	bar-backfill	b4e45d27b5957046fff81b397871c195f922ecd45eecf2b958ee29722e91c246	30bf4c0a64215a2a9cd59bf242ba40933316833848024a81eb69c4221fab07c6
116	E-0041	start-backfill	bb3f93603a373a3cbdb0ede211793d6ab9b6ee4fb20c4995a528ea72a7330abf	8a3f3a003f5c1e0f4bb9532f01cd96c7be1b0fadd2cf68dc599df3f28f9bf723
117	E-0042	bar-backfill	d03a36302d2b8949282558892c3a0ef9b48681d2ed8c1290c1725bb6ea5b2eab	3c5135c0b78f0a05be4f6d9de59b29b61f3dcea4b3b155afb95924698026257f
118	E-0042	start-backfill	6cd941f98afcf79be2263d7d90f61e23cfaf4027d35000091224ad61c84945e2	50aabd8d132b3f91a3247771e8ad2c6a05e062c1cad36d32aa72e1f4136fc9d4
119	E-0040	verdict-backfill	0f3c5e7a82253e7e96c2abf12a31a60324f030f977f4b91fc660204ae5e3278f	5146626ec7ef780b8e504560c4e54c7c3a23bf94c54379d151259abb9c21a5c4
120	E-0041	verdict-backfill	4713415b3e7042cf7d44f4d84408b78e77cbb42a4d9b265eadb4fbd1ab880abe	5f35a23c4b98f95ef56548f0f699b604e039295f80f465b9e1cd73ac4738afb3
121	E-0043	bar-backfill	b71a07649f47bfc066c1000fe3d4c7451ce24d47154e2f2ce9ac27e0bf13344d	c8c610e59aec1f0d01daade78d9a4f0eb2a0ee828c3720ff1dafc3942a624e8e
122	E-0044	bar-backfill	a3ec3e8db8d5905f5648aa2a37ee8c8b00f8619768348a6d14f86b5025533bb1	369f4eca0b6dcb3d073b1a724ea57c7f69d98a7578ee2f5cc43cd7c075270513
123	E-0044	start-backfill	f72f1566a5ed8178ea6d426c1b0ef9ecf79c8f120df9add067f2f98f5abcbad2	82079980cda5f1f379423ed61e07e330b9e628da0214160567c800fe2bd3c4ba
124	E-0045	bar-backfill	24b91b0c345f831da7d59b19528bd9b380a450df66b26219acf39638cb76b5da	0399b17c392ec085ebc0cac300019d85a196f7e3465509a4f8204318d2731295
125	E-0046	bar-backfill	53982172a7acf47f21d0b7f2b48e3a09a7aebe38ce14e291a97c32996c47d27c	99b7ad8443a1fa444677f611cbf60f2dc3db0ca2f68c59c6e5fac5cf2dfddae4
126	E-0047	bar-backfill	27ab8150d3f0a90d67514727ba24345aa3f6140945246ab5350f3f860e81dc58	10786f60a9d900fb0a1f18b06ad600b9eb74486367a6c3d3c8aa67a0429b8805
127	E-0048	bar-backfill	68edce9864e63eac9649e95daf73fd54240ecc0782306361b631903b474595f5	13c951121d71e9fae62908d7956bd714aaa193f9c18facd81b0d2699e4ae28d8
128	E-0049	bar-backfill	819f3185f928577e2995525fcb2f80cd634ea7e6b1523c85328979f113b0cd4c	f2746d81b00bd1410c93d7cfc9c4b76d6aed544441928f20f4ca9de60ff18b87
129	E-0049	start-backfill	172767b4efaf57f416ef8574307eccc92c15d4a30b3247428507d195526a2e6f	5fe523c32c6db28a79c1ef57ce90660a750272391581eb1803c8527e283375cd
130	E-0047	start-backfill	29171f2d1ff9afe5905bdcd7a1f2cb395508dabde6a900b5d51b647e271a4881	a83055984e1d823276c88cce4f79633e35fa91c30a490879e5ec311dc3cdac47
131	E-0048	start-backfill	08220dbd32d5e64c6a7199340069fb0184dd94ff74e8e9382e942a83f1a444d5	0adc681dd9ef1336e69ea8f46681ef1d3bc913b3ffb3b88aeee7972325356ff3
132	E-0045	bar-amended-backfill	dc9bb90ff5e84a21bf8cb616d20ec8e3c11ef80daadcfae7c74cd714240c5912	c3437c38a3abae1bb03ec393dedd96c805cf8614da651fa9a97af316988f2cf1
133	E-0046	bar-amended-backfill	134e27d5ed08dea408057147390934fa33b63ce1e74b3227da9569e36a99e8a7	bf8e53f32f1032396376c724398a32b8c81b24d73ea64655b9e7a09246a780de
134	E-0045	start-backfill	a0ccd39b0f388761ebf220fd550c090417503bc098d210ca7a511ea71dd58aa8	3795a43cd78fde49a07b25318cbef2d53fbab42bbc2d3d5a72ef782e7001efe5
135	E-0046	start-backfill	128dfc6ea7ec38d3f9b558a55b4d6d220f468d4f8041b0be8b37b49040fdf665	8e4c0856c2cb83712f6f90c55e477cfe6b72f1d624d8e729a27e958b03222583
136	E-0038	verdict-backfill	44def1b7d78c98405bc9beea2d4365a72556a34620c6e9c5b64346abf948cb10	4050add57cb89c636ed6bb39c1bcf37c79aaf840ee1bd4de672c2d33acceb501
137	E-0043	bar-amended-backfill	f1b478045a902cb023151e09c012f64514ff233968d3ae3a956ece9cac2ef170	03b086009543ca43c9d17813c48d0e02ee27a77e3422c814f5f00d7746ba5f4b
138	E-0043	start-backfill	efd28cb4c4c06214ce8ece20647996cb66d5599bea5a1fa9fb0b84b1f6a2c33b	ca00b4ccdbd24101207fe1f56f6626b8f4757cec0486889e43db10e6de3cb9d3
139	E-0050	bar-backfill	89d1671d66bceba9bfc4ac9134cb6870a35b7b9d221cd23c43285f63eb4bf7c2	eb92c2ec9edd6b96f3aae6c07d6bf53710170ad0075034a281fa5a2449c19a00
140	E-0051	bar-backfill	affe1cf1d5905dc7c753af0dbeb7511b606c9f071f9ec255e19457fc5650e636	f8bd2d5ee2587f0bf3230d1bdefedb2e2cff90453712d60a89919e5d1e275ac1
141	E-0052	bar-backfill	1d0c1e8473baacddf8dd963e8f514ed22509f40949d66f2cfbedf25bc0bbc9a9	98ee0a579b61aafb3175d1f652f1f6cf6eb816ebf37bff7335d1964cc763e1cd
142	E-0053	bar-backfill	f753314386fa145ea73f86db2f400ba13b4c6fd88ef8cc2c64e5287f448040fa	577666f27ef25da7d152c4576c949df75f36b8a8ce53a4746a23d67c2de234b8
143	E-0054	bar-backfill	b37a741674f0eb53a20eb77651bf1249b015084ac227d80e4296da46cd8e1b84	20eaebb917fc1f8b3d42bc011a1faf8ecfe4de1692a2a85206474cdef8f472a6
144	E-0055	bar-backfill	9c7d78847b782a9790334fca17c013b5a05aa3509a1045f04769f043135899bc	d3fc4093f3057a8f5f54ae9176527dcabe496804209ce7eeafe4494d6d5a8b4e
145	E-0050	bar-amended-backfill	af0b5cd8e974ee8790a14b0a37f5ef318b96f67fdf57a5ed6b8c3892b6ffc652	4d81cf3c29a78e5a0becce29e1457376124de244d389d815d089a2cb5a0b1a14
146	E-0050	start-backfill	6b2da138481d91fc219c661ca0ffdb165217a9cfc9c19a294aea78816495a98c	7e5d69f7c2ca23fde53940cfec5e6755480ede5aa143e68018f92039705c335e
147	E-0047	verdict-backfill	fcb3e92d044033f919c720195accc0f31632609da36f73c5bad0f01f0b1f4f89	cda35c2eeb9eb74bfe2d703460434d51691043fadead09e9df9fc53b78d2a591
148	E-0048	verdict-backfill	71b8e685ae6d9eede32a95c457e14948f5fa9d449a788e22f67c006dd5e55feb	678d58e961ec9010791c718c5d8bf1efea4f38d06e01a5452502fa88196be77a
149	E-0056	bar-backfill	8761942236fb7d66e618d553ff050ccf17f6068beaf270afef4ffcb415d384fa	f940dcd1fa07e244708153a67c7e3db8183e0a209f36698b82c0f60f47874e22
150	E-0057	bar-backfill	4d18179cba368ebb00c7a883f7c7f894e13b06c19c313b9911909acb055a4c78	736f1484f4821f324e0dd4c91c4b81aabd246b5ee13464e143bbdbc62a48750a
151	E-0056	start-backfill	5c9082247598a232208284956302c3ae5a10e92427cb73c69454bd55187eb598	7221106dc72a7d50e90fe91fa1b2c56b118089588b7b708067b1edd75a5f0867
152	E-0057	start-backfill	2282dbe83de3195bed977fa9eb1a5d81e9adf333c0272fe99f62b853c4655d84	7e8bcfe2df848030351ad30dd051fab3f44a92d05c4749eebcf6bb7b8d5d53bd
153	E-0049	verdict-backfill	bcbc7a980b786380964846ac5ad88ba08d49419522e5c0c9fb95389081e150c8	9686c8755bdb28c5f54697fceb6c9c76b5d88af026029f9bdfb127f9fb98548a
154	E-0043	verdict-backfill	d11750a07834bbad3b9ec404bbc811939714bafc5b5b65cc794ba5bb8351ba12	3fba5b517c52fa70f3887d7fd9f0a1fa135610528bc8237e21a5eccb9680bf91
155	E-0051	bar-amended-backfill	8ccc1189a80123d32730e65a2c6946f7827f9f72fa4cb25e9508a38709b8cd18	ffb0e5bf6d7bbcd01e24d3669badf775eab3c7e2c79a779e36554d76fc572da0
156	E-0051	start-backfill	bb85ef17410203f917e8ef4e84b21b8b7e5369cfae7bfa07b2338b7a0e80f860	6de5efe4ed4ef856fa2d01a6381e54a36d1c326f5d2355ef9f3021a5110d7921
157	E-0042	verdict-backfill	21f206fb6f4152a8b7c5fcebd56d3f7af5e8aeff442ba09fd78ecde869c2178a	868129939a640ae7c83c75526a9661d09967c13c078284e1cd47365d4967a6d9
158	E-0045	verdict-backfill	7b037393a059b183237a1b2db6f67ab641d82a841d7440856b43bd7fa9f3a177	e19e5334cc14d0b80e5a7d8554818dbb2156384d3c82731cd35841381e598c00
159	E-0046	verdict-backfill	99e99d41327dcce6414fd2a79ef62da66d3c81777416db033d1ec1b57ab994ff	9af0c831d52c5e280eade6a3fca410df39b3da5f4423993d2c57ec3cb0146a2b
160	E-0057	verdict-backfill	a0fab941e453fbcd7ba49bf4c02ab6bbb1522d2b8bb6a4e8bfc08e9a9f2b5f2d	3557c3f33c24d9351b073bd21741b6be2e811c819fe2537e9b8932470aeef6d3
161	E-0003	verdict-backfill	4ffd00f08d4e0fa5d74c5d650b5773e7ef34088214fd481db8efd69d878fcd3d	b9fad5735e777e28b5eaaffadc21586fbd81830f0f06a25256d600a4d4c0ff17
162	E-0044	verdict	325cea4369bdc3cd36510c308ff5f615bac3070db64ef7721c757d9792ba8cc8	717185d7e8d400f485a4f4fb65bc02da7578d19e55e36327a993c3b5537dd021
163	E-0050	verdict	044cafddeebe35b7ec5bfde136502369e76aa3b7b34140ba3c2062b143c3ab1c	f2e28fc190993a75f10a266f214fe2fb9ea4d18443bb451a6cff90b2981fe88d
164	E-0033	verdict	d615a1e5ba4c87c0b2413f66c751696af93a880a4951e5215cf576e215afbc48	b80887aa81121208f8df1db2d7e5a516bad9d299ae07128297d310e6ec1da665
165	E-0058	bar	b8907ddc3fa4c1dd1c0cbbca35b91b9f3eaaf7afde0760d3671a76cbf7b2b0c3	4da4784c4bc4452ceea4ce702673cf59cc136fc8326843fd2a85c3450f60c8ae
166	E-0058	start	ddfd55be9650d75434993d5a560652b6832a313c78bb949d397efa45a6b59966	8b6bcdc77f7377aaf700ecc0ffb03ebc384115385dc9d03687657a0a7bf5c057
167	E-0056	verdict	3deb51281d5a82cdad27ba1a70d30c41694621e43c87b2ecfbc35c5711436c3d	f545ace7e1cfdeebf625ef8780fcbc658237a062eb37273dc34760cdc13be57e
168	E-0051	verdict	eaa893ca4fa9d00cfca23e1bb953c8070e21bba5e8c28d718f8858f97a6a1bf1	2d2ba61a770ed38de3581e98e8b0fef6038ee6321fa4206b52ac46fe84c46ded
169	E-0058	verdict	09eccf90d030a26e0b264b06167bc96091c94b7079b5ecde7b0a25d02f99f39a	6573a7e5f84f74471b4219032c409cce5a4dd05155d7113cc905488454a83f81
170	E-0053	bar-amended	f8e8d6a45a44b97fc3a22afa36436c8af38d811c7d769a5806d0e9b080a847f4	c581685222f3cb20ecda88e226cb8a8a10720289f60d94500c5e49786c08b26b
171	E-0059	bar	1aeda954b189808881323c47cd6a5b99f61a3d4f611475b5141805ee246fd594	3e6cb0b779cdf7d687d2b02d9ec66c1c438549525771fe1e7bdf1940850d334c
172	E-0053	start	f3ac867cf07db39f9e9059ba2738c9aad1d5e2a58f0e1f66f64bf56c023f4394	3da868ea2fa811e9eb09430518e2725dfc89c9dc2ac30c91bb3d8ac431d850db
173	E-0060	bar	827d79573c8160d3327414bad1851663293a80374f2d16217d755e71125ddfe4	d3f7d766ec5d8f83b158154ff4ed2dbbf533ea310d4faaed32357ef353d1c3bc
174	E-0060	start	a5732e4bdc02603a31d6560c57bbcc4cfa7d5b79092942c74c5266c548f82040	3738e0651dcf741d6b808965caae81f1e66d3acfc2a8c3949ccebbe9fc999d40
175	E-0052	bar-amended	d195ea14844878cec7416cef497635da87c298ff72ed106ad6f07f39752b4890	7d8536737173b6c0aed985633ad142f12d16999653b4c439c474955b0453db07
176	E-0052	start	36f3e104a4fadd7a4f875bfd47aca30b09eac1ea6fe9377ea333dc2691cb0e20	d91e17f113606a9879c9ba911cd6b44895fd5a772d0fd03deeca0a609ee6114b
177	E-0053	verdict	2f9afe6d295047043b3daf7e23244484e7b75f115f46c29f9f35dad0d190fd71	2440e190f4e926b724d12dd9c9b98a0dd2b440bd021962a1064d6feba1d1d747
178	E-0059	bar-amended	18a078de76e3336c7d5031009a18cc40fc226e5e61a9fa39e991e16b95be179f	52efc611570d30424ef72ed572e4e32c94a7732c2c5ad8713d283704841ecc50
179	E-0059	start	57ae7dc25e531c1553ac72466294089f469dedee9984dd61721124aeeee18183	6cc3f7af056393829925053eeeeea45a6f4f3ea2bf8bee40d3d61a82a57baed3
180	E-0061	bar	d848b97e14487ca83f89ae5ba6e7577e01b22218b1aba09d98c39c6395af1955	9a4a0326cb16482be4842f55a56f910733cd7e0e4b4c2ba16c87c76f63928fde
181	E-0061	start	96a291bed50e28c28b09f2230e221b85371033ea7d36dde2126ce1a437f6bda7	59c5672f89469027a362a5b36ff0e5e312a09f8bdd5806696a4f98dbd7cf9dc5
182	E-0052	verdict	27db1ec888f4329d84106f4c3e4f56b4894b507abe369d3e785d112d07bbc3fa	b78637290ce0646071326b30f128af815bd558fab1f59f94c1385a143918278c
183	E-0062	bar	f5d8ab7761984cd16577cf88bc57155d3d48a276cd8d685cd6ecdddd279ac98a	07c04bb24f67a0ddf103f3ca2d3f593d76f9ccacbdc6b4c6e39f50e74f73b57c
184	E-0063	bar	154078c950daa1350d860b53715e2601a6030078c5a13ce706d21c002b005fce	0c530910cb23b9021e9419cdff8350a5ff55529003da51480753c86f099ce149
185	E-0063	start	d41f12b4fcd48ea010dd180b859b26590cb2bf58de63897e4b42123cde114506	bd46fea615977559d7ac02cdb594e9b3a1b3da1b5a344f26ec7c5424700af10c
186	E-0064	bar	67137166c271eb23fddb9e906208011e7f5091ab18b665e25637784c876ba477	ef66596c62afd057579358c58cd35a5efac7aac1eb86e3eaed24f8bb97c78c6a
187	E-0064	start	bdf0fc7ddfebd706bf0336466efc7d05723b7f48353f838bafb98771ade2f26b	ad7acfc5c22ff4f5bca1b0f47dc7be374c2b2eba50dae13cf7304aac629a7164
188	E-0061	verdict	e8044eb26d571e9347d3641eaaca60dd05b84de21f2a614d4285e71d6ec559d1	3babc58b709e4314a30feb945200704792bae9e183ebf5eb35890c438baa93d6
189	E-0065	bar	c05c675c33940afb6101fd8d788851e4d46cf6d3fa5505d2eaafa13d002c9dcf	e054b124d7b49982af0ea75189833049c608b0d389f15babb327fcac2c7985ad
190	E-0066	bar	b5c9d8972d3c2da286e4f931558484dd0b569a2d07cdc58605e500ccfd5be2c3	da190c161cb6fc91b6d702cb787997e8c7167aa802e6400a4f6c34840ef77763
